George#McAllen#mcgeo@yahoo.com#382 Yellowbrick Rd, Atlan, SM#463-1051#909#Sarah#Redman#sarahredman414@gmail.com#962 Yellowbrick Rd, Atlan, SM#453-5032#909#Russell#Lorena#RLorena@gmail.com#782 Yellowbrick Rd, Atlan, SM#904-2257#909#Athina#Gerhard#athens1326@outlook.com#151 Morrey Blvd, Atlan, SM#904-9897#909#Tilman#Moreno#morensiman@yahoo.com#525 Morrey Blvd, Atlan, SM#453-2055#909#Caris#Celeste#celestial45@outlook.com# 232 Morrey Blvd, Atlan, SM#904-5228#909#Olive#Augustus#ollygus42@icloud.com#519 Plenary Ave, Atlan, SM#904-2167#909#Toria#Arianne#2toria2taria@yahoo.com#426 Plenary Ave, Atlan, SM#453-0061#909#Aleksandar#Addie#AA02941@gmail.com#968 Plenary Ave, Atlan, SM#453-2159#909#Ofelia#Sun#ofeliasun2951@icloud.com#492 Gary St, Atlan, SM#904-7822#909#Tito#Avert#josipbroztito1892@icloud.com#204 Gary St, Atlan, SM#453-9768#909#Mira#Artemi#artemis1551@outlook.com#636 Gary St, Atlan, SM#904-1622#919#